title,artist,link,copyright
1_Ohm_Facile_-_Cette_Chanson_Est_La_Tienne,1 Ohm Facile,https://drive.google.com/uc?export=download&id=12h4UENMaBDGPIOMIxG_Bhq2i42YIae-4,"Song: Cette Chanson Est La Tienne [NCS Release]
Music provided by NoCopyrightSounds
Free Download/Play: http://jamen.do/t/2216630"
1_Ohm_Facile_-_Nathalie,1 Ohm Facile,https://drive.google.com/uc?export=download&id=1Yszm5Uig_qMEGWY3W1OTNe2yHcUga4hp,"Song: Nathalie [NCS Release]
Music provided by NoCopyrightSounds
Free Download/Play: http://jamen.do/t/2216650"
A._Cooper_-_Dreams,A. Cooper,https://drive.google.com/uc?export=download&id=1w4-pEuZQms1PLnbS5FqnCpCEXB4nq5vj,"Song: Dreams [NCS Release]
Music provided by NoCopyrightSounds
Free Download/Play: http://jamen.do/t/2187021"
Abydos_Music_-_Wide_Spaces_-_30_sec_edit,Abydos Music,https://drive.google.com/uc?export=download&id=1gtsI030LoMhyJlTPk_oSqKti1u5ms1U5,"Song: Wide Spaces - 30 sec edit [NCS Release]
Music provided by NoCopyrightSounds
Free Download/Play: http://jamen.do/t/2183755"
Aleksandr_Vladimirov_-_Happy_Motivational,Aleksandr Vladimirov,https://drive.google.com/uc?export=download&id=1vD67Fr4BsNv8lagorUwVI2Fckl6t1BnO,"Song: Happy Motivational [NCS Release]
Music provided by NoCopyrightSounds
Free Download/Play: http://jamen.do/t/2190414"
AURALYNX_-_AURALYNX_-_LONELY_NIGHT,AURALYNX,https://drive.google.com/uc?export=download&id=1huPhQP5IxR7edxHVr_E-GoMMXFCW6ign,"Song: AURALYNX - LONELY NIGHT[NCS Release]
Music provided by NoCopyrightSounds
Free Download/Play: http://jamen.do/t/2212013"
BlackTrendMusic_-_Summer_Highlights,BlackTrendMusic,https://drive.google.com/uc?export=download&id=1jBQjNJLFlZAiwF8npmXayEkDj_HJ1YKr,"Song: Summer Highlights [NCS Release]
Music provided by NoCopyrightSounds
Free Download/Play: http://jamen.do/t/2210626"
BoDleasons_-_Good_as_Well_(Medium_Version),BoDleasons,https://drive.google.com/uc?export=download&id=1ermI7nGHY9C7IxP3e6bl_isKCuStIJ9p,"Song: Good as Well (Medium Version) [NCS Release]
Music provided by NoCopyrightSounds
Free Download/Play: http://jamen.do/t/2185790"
Chill_Club_55_-_Misery,Chill Club 55,https://drive.google.com/uc?export=download&id=1HiMvixWKeU4CsJVCqG8vyavL-lJQzBFy,"Song: Misery [NCS Release]
Music provided by NoCopyrightSounds
Free Download/Play: http://jamen.do/t/2190842"
Composer_-_103,Composer,https://drive.google.com/uc?export=download&id=1u8OfIdUGn76mItwf1Urx6GFlykDkhGKd,"Song: 103 [NCS Release]
Music provided by NoCopyrightSounds
Free Download/Play: http://jamen.do/t/2210806"
Composer_-_98,Composer,https://drive.google.com/uc?export=download&id=1VksyY6Y0pu9sZYyKpsgLlS5Y7aFbAgTP,"Song: 98 [NCS Release]
Music provided by NoCopyrightSounds
Free Download/Play: http://jamen.do/t/2209587"
DHDMusic_-_Proud_To_Be_More,DHDMusic,https://drive.google.com/uc?export=download&id=1QvYYu6HBc5IL5Mvvm0mWWx7Iqv1rnnni,"Song: Proud To Be More [NCS Release]
Music provided by NoCopyrightSounds
Free Download/Play: http://jamen.do/t/2175605"
Diamond_Leo_Li_-_Daydream,Diamond Leo Li,https://drive.google.com/uc?export=download&id=1rU18qf4BZaHOQpgw5bI9yVjLpPG2YM4r,"Song: Daydream [NCS Release]
Music provided by NoCopyrightSounds
Free Download/Play: http://jamen.do/t/2170833"
digitalsnow_-_Pop_Start,digitalsnow,https://drive.google.com/uc?export=download&id=1ZbDX1hiIsUIFSC-KScXbKlg1tkQzc5zJ,"Song: Pop Start [NCS Release]
Music provided by NoCopyrightSounds
Free Download/Play: http://jamen.do/t/2221420"
DkDaKiDD_-_STARBOY,DkDaKiDD,https://drive.google.com/uc?export=download&id=1SEjG1nrudJUVmW975GgvU_-Gadx47bLZ,"Song: STARBOY [NCS Release]
Music provided by NoCopyrightSounds
Free Download/Play: http://jamen.do/t/2170156"
Ed_Napoli_-_Abrace_o_amanha,Ed Napoli,https://drive.google.com/uc?export=download&id=17QBv7QAEiy69iIzuIinX3XB6DNWrCBJb,"Song: Abrace o amanha [NCS Release]
Music provided by NoCopyrightSounds
Free Download/Play: http://jamen.do/t/2221180"
Ed_Napoli_-_Celebrar_com_emocao,Ed Napoli,https://drive.google.com/uc?export=download&id=1oiHEHHo6BbJ0nNvdSDo6uL67x00hVlta,"Song: Celebrar com emocao [NCS Release]
Music provided by NoCopyrightSounds
Free Download/Play: http://jamen.do/t/2224147"
Ed_Napoli_-_Como_e_bom,Ed Napoli,https://drive.google.com/uc?export=download&id=1uvMYkudqH55UnVkZqCl8Ok5_SwT8Cz4L,"Song: Como e bom [NCS Release]
Music provided by NoCopyrightSounds
Free Download/Play: http://jamen.do/t/2183680"
Ed_Napoli_-_Dance_night,Timeless Echoes,https://drive.google.com/uc?export=download&id=11bACZf7zxhFzGd2HMayg7Dw8ciz1twMQ,"Song: Timeless Echoes ft Lenny & Sophie - Dance all night [NCS Release]
Music provided by NoCopyrightSounds
Free Download/Play: http://jamen.do/t/2215786"
Ed_Napoli_-_Fire_In_The_Water,Ed Napoli,https://drive.google.com/uc?export=download&id=1lkjsAFcS4S8tyZ3j-6qYRgaS6idUhFXG,"Song: Fire In The Water [NCS Release]
Music provided by NoCopyrightSounds
Free Download/Play: http://jamen.do/t/2192951"
Ed_Napoli_-_Honey_I_Love_You,Ed Napoli,https://drive.google.com/uc?export=download&id=110mCJ6tlp4KWa_KfIQFxbSaFQcWy5fIi,"Song: Honey I Love You [NCS Release]
Music provided by NoCopyrightSounds
Free Download/Play: http://jamen.do/t/2184302"
Ed_Napoli_-_I_Dont_Want_You,Ed Napoli,https://drive.google.com/uc?export=download&id=14mE3o7eTy867qR39KsrZaHikVAHdIKVb,"Song: I Dont Want You [NCS Release]
Music provided by NoCopyrightSounds
Free Download/Play: http://jamen.do/t/2184300"
Ed_Napoli_-_I_feel_crazy,Ed Napoli,https://drive.google.com/uc?export=download&id=1md1aWM3y-GiHRu0i-0oXE1vpZUMCGbPY,"Song: I feel crazy [NCS Release]
Music provided by NoCopyrightSounds
Free Download/Play: http://jamen.do/t/2168432"
Ed_Napoli_-_Let_The_Love,Ed Napoli,https://drive.google.com/uc?export=download&id=1FU6QtH8FvuYxgmcJ7PvTkAc4hTvGdMV8,"Song: Let The Love [NCS Release]
Music provided by NoCopyrightSounds
Free Download/Play: http://jamen.do/t/2178439"
Ed_Napoli_-_Lost_and_Wandering,Ed Napoli,https://drive.google.com/uc?export=download&id=1bCA7cJgFabGkkzfsmrVu6XZvWotPnOHl,"Song: Lost and Wandering [NCS Release]
Music provided by NoCopyrightSounds
Free Download/Play: http://jamen.do/t/2206451"
Ed_Napoli_-_Me_and_you,Ed Napoli,https://drive.google.com/uc?export=download&id=1STaS5L7ou2J-b-ihFQtNNONrLcME8Obw,"Song: Me and you [NCS Release]
Music provided by NoCopyrightSounds
Free Download/Play: http://jamen.do/t/2221157"
Ed_Napoli_-_Mulher_Vox,Ed Napoli,https://drive.google.com/uc?export=download&id=1HO8MRSua3uiWtRf_Zgc76echobxccC_s,"Song: Mulher Vox [NCS Release]
Music provided by NoCopyrightSounds
Free Download/Play: http://jamen.do/t/2214659"
Ed_Napoli_-_Rio_in_the_moon,Ed Napoli,https://drive.google.com/uc?export=download&id=1TfMpszGO-CfvnQAJQqTzKhAhTuYA2CM9,"Song: Rio in the moon [NCS Release]
Music provided by NoCopyrightSounds
Free Download/Play: http://jamen.do/t/2193373"
Ed_Napoli_-_Strenght_Within,Ed Napoli,https://drive.google.com/uc?export=download&id=1lg_gu7XRiEooxojZ3Ag3DDr30B82SCoa,"Song: Strenght Within [NCS Release]
Music provided by NoCopyrightSounds
Free Download/Play: http://jamen.do/t/2206431"
Ed_Napoli_-_Taking_Control,Ed Napoli,https://drive.google.com/uc?export=download&id=1Ft0aEIwKMaladnhYsy7fxOAGKAH_pA-8,"Song: Taking Control [NCS Release]
Music provided by NoCopyrightSounds
Free Download/Play: http://jamen.do/t/2206442"
Ed_Napoli_-_Trip_with_you,Ed Napoli,https://drive.google.com/uc?export=download&id=1S6ZMGE4jWkc-SREtetke28jkSZlTeMk6,"Song: Trip with you [NCS Release]
Music provided by NoCopyrightSounds
Free Download/Play: http://jamen.do/t/2196926"
Egor_Budennyy_-_LOVE_STRIKES,Egor Budennyy,https://drive.google.com/uc?export=download&id=1QUNLiTAfQaXh8z8LNmmqT2SCqLSrQ_D-,"Song: Love Strikes [NCS Release]
Music provided by NoCopyrightSounds
Free Download/Play: http://jamen.do/t/2187198"
Egor_Budennyy_-_STARDUST,Egor Budennyy,https://drive.google.com/uc?export=download&id=1JmRQAak1fdvnsjqMkKHblXW0BGneTr9x,"Song: Stardust [NCS Release]
Music provided by NoCopyrightSounds
Free Download/Play: http://jamen.do/t/2202998"
EmanMusic_-_Greet_The_Day,EmanMusic,https://drive.google.com/uc?export=download&id=1T0cahORq4lNXRwq2V40s4aqJ08xYLpQZ,"Song: Greet The Day [NCS Release]
Music provided by NoCopyrightSounds
Free Download/Play: http://jamen.do/t/2209776"
Gigatop_Arthur_-_get_back,Gigatop Arthur,https://drive.google.com/uc?export=download&id=1JBFAJutqKZzyVtOgaW4RGGA3onUbBlng,"Song: get back [NCS Release]
Music provided by NoCopyrightSounds
Free Download/Play: http://jamen.do/t/2226559"
Giocol_-_Mary_live_here.,Giocol,https://drive.google.com/uc?export=download&id=14q3Kx8wMoVt-b0HqtOgHJTuhzOc8r1YA,"Song: Mary live here. [NCS Release]
Music provided by NoCopyrightSounds
Free Download/Play: http://jamen.do/t/2212347"
Grumpynora_-_In_Progress_(loop_3),Grumpynora,https://drive.google.com/uc?export=download&id=1RZnGatEEdwqGd5xOfTfEns7OTNKvhnE9,"Song: In Progress (loop 3) [NCS Release]
Music provided by NoCopyrightSounds
Free Download/Play: http://jamen.do/t/2182861"
Grüni_-_Gr&uuml;ni_THE_FIRST,Grüni,https://drive.google.com/uc?export=download&id=1mPdzG3DbE4QYh-6zrBD3BEONkkQjRVhQ,"Song: Grüni THE FIRST [NCS Release]
Music provided by NoCopyrightSounds
Free Download/Play: http://jamen.do/t/2192435"
Hasenchat_-_Bank_Rolls,Hasenchat,https://drive.google.com/uc?export=download&id=1PzqRx_cr4qpKwCwYf98J_63xuFueBi5F,"Song: Bank Rolls [NCS Release]
Music provided by NoCopyrightSounds
Free Download/Play: http://jamen.do/t/2171877"
Hasenchat_-_Brown_Paper_Bag,Hasenchat,https://drive.google.com/uc?export=download&id=16TmX_KaxBw7NvglyZv1YLPnXhRgBzJAV,"Song: Brown Paper Bag [NCS Release]
Music provided by NoCopyrightSounds
Free Download/Play: http://jamen.do/t/2171855"
Hasenchat_-_House_of_Lovers_(Mix_1),Hasenchat,https://drive.google.com/uc?export=download&id=1wNc4LybtpvlgD3mAwMxinivBn3hwKJTB,"Song: House Of Lovers (Mix 1) [NCS Release]
Music provided by NoCopyrightSounds
Free Download/Play: http://jamen.do/t/2171861"
Hasenchat_-_Jakarta,Hasenchat,https://drive.google.com/uc?export=download&id=18wDS7mX-s72SBJlgdkBBQbe5u4rWlETa,"Song: Jakarta [NCS Release]
Music provided by NoCopyrightSounds
Free Download/Play: http://jamen.do/t/2174685"
Hasenchat_-_Rainy_Day_Blues,Hasenchat,https://drive.google.com/uc?export=download&id=1WZVqg8WQ_Z1ha2jmMhdONoxZQIvn5NkO,"Song: Rainy Day Blues [NCS Release]
Music provided by NoCopyrightSounds
Free Download/Play: http://jamen.do/t/2171874"
Hasenchat_-_The_River_of_Nil,Hasenchat,https://drive.google.com/uc?export=download&id=1HCqGExUgQ3TgnDP5yDD8qVgADBeSJnUR,"Song: The River of Nil [NCS Release]
Music provided by NoCopyrightSounds
Free Download/Play: http://jamen.do/t/2175583"
Hasenchat_-_We_Have_Arrived,Hasenchat,https://drive.google.com/uc?export=download&id=1LfsS8GVBJGRmvlLydIEdXqj-HS3xOY-1,"Song: We Have Arrived [NCS Release]
Music provided by NoCopyrightSounds
Free Download/Play: http://jamen.do/t/2171865"
J.O.R.B.I_-_Fill_Up,J.O.R.B.I,https://drive.google.com/uc?export=download&id=1XgIhq5arHAAI_rJp71dTK7-RI8cr9XhM,"Song: Fill Up [NCS Release]
Music provided by NoCopyrightSounds
Free Download/Play: http://jamen.do/t/2219242"
Jackson_Frost_-_Ambient_Deep_Pop,Jackson Frost,https://drive.google.com/uc?export=download&id=1t0ApgLJiLbJ3HbYGBdsvFvYaJPMiMLKA,"Song: Ambient Deep Pop [NCS Release]
Music provided by NoCopyrightSounds
Free Download/Play: http://jamen.do/t/2215680"
john_covert_-_this_is_me,john covert,https://drive.google.com/uc?export=download&id=1sga06OCy2Djhy88WDqE4yO8hOwIqQmKB,"Song: This is me [NCS Release]
Music provided by NoCopyrightSounds
Free Download/Play: http://jamen.do/t/2221684"
KERRY_-_Welcome_to_hell,Kerry,https://drive.google.com/uc?export=download&id=1JDWWhUZ0vYh-FD2uukX6TgWuD2maFOYM,"Song: Welcome to hell [NCS Release]
Music provided by NoCopyrightSounds
Free Download/Play: http://jamen.do/t/2181597"
Killing_Smile_-_Neon_Lights,Killing Smile,https://drive.google.com/uc?export=download&id=1OVRt_-qLmIgDlpdj0uAHKkQAagAEHCIr,"Song: Neon Lights [NCS Release]
Music provided by NoCopyrightSounds
Free Download/Play: http://jamen.do/t/2171597"
Killing_Smile_-_You_showed_me_love,Killing Smile,https://drive.google.com/uc?export=download&id=1S171V4g7T6OGmkPdo4mdcMTcAHXtAKqh,"Song: You showed me love [NCS Release]
Music provided by NoCopyrightSounds
Free Download/Play: http://jamen.do/t/2171599"
LEEAAV_-_IN_THE_DARKNESS,LEEAAV,https://drive.google.com/uc?export=download&id=1rxddhoFOY55SX31NZ6EpSfy3IAmKPCTi,"Song: IN THE DARKNESS [NCS Release]
Music provided by NoCopyrightSounds
Free Download/Play: http://jamen.do/t/2220826"
Lenny_Wiles_Lionstar_GALAXY_BANDSTAND_-_Music_Has_Flatlined,Lenny Wiles Lionstar GALAXY BANDSTAND,https://drive.google.com/uc?export=download&id=1lv3aCgJM-aXK8gBA0iSnA5b4Y_miXj4m,"Song: Music Has Flatlined [NCS Release]
Music provided by NoCopyrightSounds
Free Download/Play: http://jamen.do/t/2182340"
Lenny_Wiles_Lionstar_GALAXY_BANDSTAND_-_Winter_Night_3rd_night_Lenny_Lisonstar_the_Space_Lion,Lenny Wiles Lionstar GALAXY BANDSTAND,https://drive.google.com/uc?export=download&id=118DnMKPjvrQSGCnXXokO8d-7TSvCoCMQ,"Song: Winter Night 3rd night Lenny Lisonstar the Space Lion [NCS Release]
Music provided by NoCopyrightSounds
Free Download/Play: http://jamen.do/t/2224581"
Leo_Del_-_Moments_in_a_Cup,Leo Del,https://drive.google.com/uc?export=download&id=18Dadpap4PEk8Gm2fk8QZYfUWqSUbHQ3o,"Song: Moments in a Cup [NCS Release]
Music provided by NoCopyrightSounds
Free Download/Play: http://jamen.do/t/2210341"
LMAS_-_Freedom_of_speech,LMAS,https://drive.google.com/uc?export=download&id=1Pp2LwhadyC7Rcc7j3OmF5pX8kb7lq-i8,"Song: Freedom of speech [NCS Release]
Music provided by NoCopyrightSounds
Free Download/Play: http://jamen.do/t/2223917"
Lowtone_Music_-_Great_Opening,Lowtone Music,https://drive.google.com/uc?export=download&id=1OxYLjOXxGDBoajLHMv6F-crcalVEbyl9,"Song: Great Opening [NCS Release]
Music provided by NoCopyrightSounds
Free Download/Play: http://jamen.do/t/2211876"
Luca_Caperna_-_Tropea,Luca Caperna,https://drive.google.com/uc?export=download&id=1KlT3JvpP95RFLgmbb2kKZ-y0Bj9t7quU,"Song: Tropea [NCS Release]
Music provided by NoCopyrightSounds
Free Download/Play: http://jamen.do/t/2201725"
Lulakarma_-_Tetes_Hujan,Lulakarma,https://drive.google.com/uc?export=download&id=1iOqeveP05Hvjwmf18cy7ma3VRt1-REvD,"Song: Tetes Hujan [NCS Release]
Music provided by NoCopyrightSounds
Free Download/Play: http://jamen.do/t/2169515"
Majed_Salih_-_Road_Trip,Majed Salih,https://drive.google.com/uc?export=download&id=1Po8znx717dV-3gZhB84WVLvmlkjqvuAH,"Song: Road Trip [NCS Release]
Music provided by NoCopyrightSounds
Free Download/Play: http://jamen.do/t/2213807"
Maxmex_-_Dentro_la_città_-_Maxmex_-_[Nuovi_suoni_-1989],Maxmex,https://drive.google.com/uc?export=download&id=1iGw3l3DGk-soLTKpdNEk2f-co86I35-Y,"Song: Dentro la città - Maxmex - [Nuovi suoni -1989] [NCS Release]
Music provided by NoCopyrightSounds
Free Download/Play: http://jamen.do/t/2195443"
Micaroni_-_Cast_My_Fate_to_the_Wind,Micaroni,https://drive.google.com/uc?export=download&id=1uJJ4QhAPWxdonbTovuReFU6EnaDbmN2C,"Song: Cast My Fate to the Wind [NCS Release]
Music provided by NoCopyrightSounds
Free Download/Play: http://jamen.do/t/2182116"
Micaroni_-_I_Can&#039;t_Believe_that_She&#039;s_My_Teacher,Micaroni,https://drive.google.com/uc?export=download&id=15HpgNoONlgkNTDjKKqnZhCUrwvDO1eTb,"Song: I Can't Believe that She's My Teacher [NCS Release]
Music provided by NoCopyrightSounds
Free Download/Play: http://jamen.do/t/2219475"
Mike_Rain_-_01_Go_On,Mike Rain,https://drive.google.com/uc?export=download&id=1V8keaKWQYE7R5SgUwE83P9WajFvuRL7_,"Song: 01 Go On [NCS Release]
Music provided by NoCopyrightSounds
Free Download/Play: http://jamen.do/t/2219118"
MOUCHNINO_-_NAUFRAGES_(électro),MOUCHNINO,https://drive.google.com/uc?export=download&id=16-K7-R3elf2uGb85rJRhSnzdexChczsr,"Song: NAUFRAGES (électro) [NCS Release]
Music provided by NoCopyrightSounds
Free Download/Play: http://jamen.do/t/2211372"
MusicHouse77_-_By_Your_Side_-_MUSICHOUSE77,MusicHouse77,https://drive.google.com/uc?export=download&id=1uDcNs1ZjEQ0KyhNMeEoQkInO46LrszUZ,"Song: By Your Side - MUSICHOUSE77 [NCS Release]
Music provided by NoCopyrightSounds
Free Download/Play: http://jamen.do/t/2220944"
MusicHouse77_-_Circles_In_The_Sand_-_MUSICHOUSE77,MusicHouse77,https://drive.google.com/uc?export=download&id=1Fd34Of5AKpGGBm4rspiKF7anVbwcxy7H,"Song: Circles In The Sand - MUSICHOUSE77 [NCS Release]
Music provided by NoCopyrightSounds
Free Download/Play: http://jamen.do/t/2219633"
Nargo_-_Elevation,Nargo,https://drive.google.com/uc?export=download&id=1W2IcRY4TxjK_zIq9u0H9dm7HC4oIi1Pn,"Song: Elevation [NCS Release]
Music provided by NoCopyrightSounds
Free Download/Play: http://jamen.do/t/2214798"
Nargo_-_Strum_Ride,Nargo,https://drive.google.com/uc?export=download&id=1K38LRmg6Xt0Z5_NSw5-IjnV_RFxh-Fq6,"Song: Strum Ride [NCS Release]
Music provided by NoCopyrightSounds
Free Download/Play: http://jamen.do/t/2193712"
Nargo_-_Through_the_Night,Nargo,https://drive.google.com/uc?export=download&id=1bYrYKcKlc-t1zXLf7xPgjXOd1zpVZkiw,"Song: Through the Night [NCS Release]
Music provided by NoCopyrightSounds
Free Download/Play: http://jamen.do/t/2177910"
ncws_-_Sprich_mit_mir,ncws,https://drive.google.com/uc?export=download&id=1UIdrdN7BGaEdgJCBtfewrEX-ckxs3Q5q,"Song: Sprich mit mir [NCS Release]
Music provided by NoCopyrightSounds
Free Download/Play: http://jamen.do/t/2201467"
Neo_Music_-_The_80s_Romantic_Sax,Neo_Music,https://drive.google.com/uc?export=download&id=1YpgB0BxEfbyu-8YsthLYO_ArRusXT3Ev,"Song: The 80s Romantic Sax [NCS Release]
Music provided by NoCopyrightSounds
Free Download/Play: http://jamen.do/t/2216985"
Neon_NiteClub_-_Be_Without_U,Neon Niteclub,https://drive.google.com/uc?export=download&id=1t9WrN8pcXnqPurs4LpuaPrJZpG5NDfgk,"Song: Be Without U [NCS Release]
Music provided by NoCopyrightSounds
Free Download/Play: http://jamen.do/t/2181597"
Osynthw_Background_Music_-_Catchy_Outrun_80s_Synthwave_(No_Solo),Osynthw ,https://drive.google.com/uc?export=download&id=1SOdsvFs114ADePaK1ovZYysiZFD9VnKJ,"Song: Catchy Outrun 80s Synthwave (No Solo) [NCS Release]
Music provided by NoCopyrightSounds
Free Download/Play: http://jamen.do/t/2169063"
"PAOLO_DEL_PRETE_-_COLLECTION_previews,_hits_&amp;_special_guests_-_Paolo_Del_Prete_feat._Sabryna_Syrio_-_Time_is_passing_now_(Italo_vrs.)_Special___Anteprima",PAOLO DEL PRETE,https://drive.google.com/uc?export=download&id=1oWjyjkj7-qV1mv1gCwfIwMOtR5NASqY9,"Song: Paolo Del Prete feat. Sabryna Syrio - Time is Passing Now (Italo vrs) [NCS Release]
Music provided by NoCopyrightSounds
Free Download/Play: http://jamen.do/t/2185307"
pharmacopia_-_Western_Coastal_Expressway,Pharmacopia,https://drive.google.com/uc?export=download&id=1iEdpLQ261QlssAzYNekhkhpGb2ziayMR,"Song: Western Coastal Expressway [NCS Release]
Music provided by NoCopyrightSounds
Free Download/Play: http://jamen.do/t/2187390"
Richard_Shekari_-_Power_in_the_Name,Richard Shekari,https://drive.google.com/uc?export=download&id=1Ekg3YXe0lAAl5BC5woS3q6d8kemPC4Wh,"Song: Power in the Name [NCS Release]
Music provided by NoCopyrightSounds
Free Download/Play: http://jamen.do/t/2193228"
Robert_Dunjal_-_On_ne_peut_plaire_à_tout_le_monde,Robert Dunjal,https://drive.google.com/uc?export=download&id=1XZy8np6lTOhgb-5VYc6F4tadOK2XpFoM,"Song: On ne peut plarie a tout le monde [NCS Release]
Music provided by NoCopyrightSounds
Free Download/Play: http://jamen.do/t/2167532"
Robert80z_-_I_Got_A_Friend_Named_Jesus,Robert80z,https://drive.google.com/uc?export=download&id=1VHcLhDiVbZ-LFjBV0AO0cv5gosNDkuWi,"Song: I Got A Friend Named Jesus [NCS Release]
Music provided by NoCopyrightSounds
Free Download/Play: http://jamen.do/t/2209692"
Sergeeva_-_I_like_espresso,Sergeeva,https://drive.google.com/uc?export=download&id=1T3xT7Z03OY9SMo-hwA5gnsWCMnhoh3vR,"Song: I like espresso [NCS Release]
Music provided by NoCopyrightSounds
Free Download/Play: http://jamen.do/t/2194968"
Sergeeva!_-_Medieval_Hearts,Sergeeva,https://drive.google.com/uc?export=download&id=1-0n_Rt6uWwBvaIUenhjQwVPZAyMLybPT,"Song: Medieval Hearts [NCS Release]
Music provided by NoCopyrightSounds
Free Download/Play: http://jamen.do/t/2197539"
Sergeeva!_-_Whispering_the_night,Sergeeva,https://drive.google.com/uc?export=download&id=17HVjC09ylSeA4xwPV8O_pTA4X7UdvW_9,"Song: Whispering the night [NCS Release]
Music provided by NoCopyrightSounds
Free Download/Play: http://jamen.do/t/2194966"
"SLEEYO_-_STOPTHEWAR,LORD''_TrilogyMIX''",SLEEYO,https://drive.google.com/uc?export=download&id=1ldRT9JGLBs_EQeZ9wU6G0-bxmszlKjVn,"Song: STOPTHEWAR,LORD'' TrilogyMIX'' [NCS Release]
Music provided by NoCopyrightSounds
Free Download/Play: http://jamen.do/t/2182521"
Solara_-_Do_not,Sergeeva,https://drive.google.com/uc?export=download&id=1o7xzZ6UlxFr8uydh_5B9NRH3tNALAvAH,"Song: Do not [NCS Release]
Music provided by NoCopyrightSounds
Free Download/Play: http://jamen.do/t/2193157"
Sourav_Das_(IX0II)_-_Routing_[Chapter-III],Sourav Das (IX0II),https://drive.google.com/uc?export=download&id=15E4c4QJLcDn1zKvV1YAffyCICrjZO3PS,"Song: Routing [Chapter-III] [NCS Release]
Music provided by NoCopyrightSounds
Free Download/Play: http://jamen.do/t/2225519"
SUPERARE_-_Replay,SUPERARE,https://drive.google.com/uc?export=download&id=1KGGi0QQBG1g1NToWytNEzTdaM1CPFSO9,"Song: Replay [NCS Release]
Music provided by NoCopyrightSounds
Free Download/Play: http://jamen.do/t/2169184"
THE_SAME_PERSONS_-_Drying_Tears,THE SAME PERSONS,https://drive.google.com/uc?export=download&id=1W5xaz0JEDdJqpaWydznAByB4BER44P9p,"Song: Drying Tears [NCS Release]
Music provided by NoCopyrightSounds
Free Download/Play: http://jamen.do/t/2197973"
Timeless_Echoes_-_Timeless_Echoes_ft_Lenny_&amp;_Sophie_-_Dance_all_night,Timeless Echoes,https://drive.google.com/uc?export=download&id=1CyM0Sc0GNWqfltL71YOOnYxPKClOK09R,"Song: Timeless Echoes ft Lenny & Sophie - Dance all night [NCS Release]
Music provided by NoCopyrightSounds
Free Download/Play: http://jamen.do/t/2215786"
TimTaj_-_Beach,Timtaj,https://drive.google.com/uc?export=download&id=1VhQHNw2N56G99dEfi4uwqDw2QgLlQmc-,"Song: Beach [NCS Release]
Music provided by NoCopyrightSounds
Free Download/Play: http://jamen.do/t/2169569"
TimTaj_-_Enjoy_the_Ride,TimTaj,https://drive.google.com/uc?export=download&id=1TMdTVxJbY8Ap9th70XKJM-YMnJYLeuFI,"Song: Enjoy the Ride [NCS Release]
Music provided by NoCopyrightSounds
Free Download/Play: http://jamen.do/t/2181640"
Tom_Orlando_-_Love_You_Anymore_(feat._Seven),Tom Orlando,https://drive.google.com/uc?export=download&id=1Bnx8w8gCr7d4qZRAp3nC_ycmp0HbNagN,"Song: Love You Anymore [NCS Release]
Music provided by NoCopyrightSounds
Free Download/Play: http://jamen.do/t/2180016"
Tomasz_Raszko_-_Countinued_Worries,Tomasz Raszko,https://drive.google.com/uc?export=download&id=1kNIyCb-XakJnSQD9ipQicdzDbQzCQvMx,"Song: Countinued Worries [NCS Release]
Music provided by NoCopyrightSounds
Free Download/Play: http://jamen.do/t/2167322"
Top_Flow_-_Radiant_Waves,Top Flow,https://drive.google.com/uc?export=download&id=1nDJKPYzKqyJApIb7hi75pA724vmMaIdt,"Song: Radiant Waves [NCS Release]
Music provided by NoCopyrightSounds
Free Download/Play: http://jamen.do/t/2180156"
Vladimir_Shkatov_-_Red_Dawn_Blvd._III,Vladimir Shkatov,https://drive.google.com/uc?export=download&id=1AXYvZpTQpjssaPBq1EtH660IGXKTMEHu,"Song: Red Dawn Blvd. III [NCS Release]
Music provided by NoCopyrightSounds
Free Download/Play: http://jamen.do/t/2224532"
WhiteCat_-_Elevated_Energies,WhiteCat,https://drive.google.com/uc?export=download&id=1nXMzAHJG1yRy5ko6UA-sbpn7GfqoQpR3,"Song: Elevated Energies [NCS Release]
Music provided by NoCopyrightSounds
Free Download/Play: http://jamen.do/t/2181597"
WhiteCat_-_Epic_Leadership,WhiteCat,https://drive.google.com/uc?export=download&id=1G3wVCvAsGH8RDSiEkmzCyIWwYSB2N0h7,"Song: Epic Leadership [NCS Release]
Music provided by NoCopyrightSounds
Free Download/Play: http://jamen.do/t/2208459"
WhiteCat_-_Unlock_Your_Potential,WhiteCat,https://drive.google.com/uc?export=download&id=1Ud_MRNKLuI-PHhyo6vd08KvFg36H450R,"Song: Unlock Your Potential [NCS Release]
Music provided by NoCopyrightSounds
Free Download/Play: http://jamen.do/t/2181501"
xgomusic_-_Positive_Paths,xgomusic,https://drive.google.com/uc?export=download&id=1aJlil_iOiXpE-hjDgkob-TD2E8Zv_RbQ,"Song: Positive Paths [NCS Release]
Music provided by NoCopyrightSounds
Free Download/Play: http://jamen.do/t/2180822"
Z&amp;Z_-_poet_and_mice,Z&Z,https://drive.google.com/uc?export=download&id=1cH--5rnRH_FsCc-LlV05Dhi-s9uluqLy,"Song: poet and mice [NCS Release]
Music provided by NoCopyrightSounds
Free Download/Play: http://jamen.do/t/2188227"
ZaharVips_-_Everything_Will_Be_Fine,ZaharVips,https://drive.google.com/uc?export=download&id=1Q7DqfDAkYb0FerWS8vPz9m5hREwK5QOF,"Song: Everything Will Be Fine [NCS Release]
Music provided by NoCopyrightSounds
Free Download/Play: http://jamen.do/t/2195015"